"unique_accession","Mutant","Kinase.Group.Other","Kinase.Group.TK","Kinase.Group.TKL","Kinase.Group.Atypical","Kinase.Group.AGC","Kinase.Group.CAMK","Kinase.Group.STE","Kinase.Group.CMGC","Kinase.Group.CK1","Kinase.Group.Pathogen","Kinase.Group.Lipid"
"NP_055726.3;AAK1",0,1,0,0,0,0,0,0,0,0,0,0
"NP_005148.2;ABL1(E255K)-phosphorylated",1,0,1,0,0,0,0,0,0,0,0,0
"NP_005148.2;ABL1(F317I)-nonphosphorylated",1,0,1,0,0,0,0,0,0,0,0,0
"NP_005148.2;ABL1(F317I)-phosphorylated",1,0,1,0,0,0,0,0,0,0,0,0
"NP_005148.2;ABL1(F317L)-nonphosphorylated",1,0,1,0,0,0,0,0,0,0,0,0
"NP_005148.2;ABL1(F317L)-phosphorylated",1,0,1,0,0,0,0,0,0,0,0,0
"NP_005148.2;ABL1(H396P)-nonphosphorylated",1,0,1,0,0,0,0,0,0,0,0,0
"NP_005148.2;ABL1(H396P)-phosphorylated",1,0,1,0,0,0,0,0,0,0,0,0
"NP_005148.2;ABL1(M351T)-phosphorylated",1,0,1,0,0,0,0,0,0,0,0,0
"NP_005148.2;ABL1(Q252H)-nonphosphorylated",1,0,1,0,0,0,0,0,0,0,0,0
"NP_005148.2;ABL1(Q252H)-phosphorylated",1,0,1,0,0,0,0,0,0,0,0,0
"NP_005148.2;ABL1(T315I)-nonphosphorylated",1,0,1,0,0,0,0,0,0,0,0,0
"NP_005148.2;ABL1(T315I)-phosphorylated",1,0,1,0,0,0,0,0,0,0,0,0
"NP_005148.2;ABL1(Y253F)-phosphorylated",1,0,1,0,0,0,0,0,0,0,0,0
"NP_005148.2;ABL1-nonphosphorylated",0,0,1,0,0,0,0,0,0,0,0,0
"NP_005148.2;ABL1-phosphorylated",0,0,1,0,0,0,0,0,0,0,0,0
"NP_005149.3;ABL2",0,0,1,0,0,0,0,0,0,0,0,0
"NP_001096.1;ACVR1",0,0,0,1,0,0,0,0,0,0,0,0
"NP_004293.1;ACVR1B",0,0,0,1,0,0,0,0,0,0,0,0
"NP_001607.1;ACVR2A",0,0,0,1,0,0,0,0,0,0,0,0
"NP_001097.2;ACVR2B",0,0,0,1,0,0,0,0,0,0,0,0
"NP_000011.1;ACVRL1",0,0,0,1,0,0,0,0,0,0,0,0
"NP_064632.2;ADCK3",0,0,0,0,1,0,0,0,0,0,0,0
"NP_079152.3;ADCK4",0,0,0,0,1,0,0,0,0,0,0,0
"NP_005154.2;AKT1",0,0,0,0,0,1,0,0,0,0,0,0
"NP_001617.1;AKT2",0,0,0,0,0,1,0,0,0,0,0,0
"NP_005456.1;AKT3",0,0,0,0,0,1,0,0,0,0,0,0
"NP_004295.2;ALK",0,0,1,0,0,0,0,0,0,0,0,0
"BAA36547.1;AMPK-alpha1",0,0,0,0,0,0,1,0,0,0,0,0
"NP_006243.2;AMPK-alpha2",0,0,0,0,0,0,1,0,0,0,0,0
"NP_848605.1;ANKK1",0,0,0,1,0,0,0,0,0,0,0,0
"NP_055655.1;ARK5",0,0,0,0,0,0,1,0,0,0,0,0
"NP_005914.1;ASK1",0,0,0,0,0,0,0,1,0,0,0,0
"NP_004663.3;ASK2",0,0,0,0,0,0,0,1,0,0,0,0
"NP_003591.2;AURKA",0,1,0,0,0,0,0,0,0,0,0,0
"AAH00442.2;AURKB",0,1,0,0,0,0,0,0,0,0,0,0
"AAC77369.1;AURKC",0,1,0,0,0,0,0,0,0,0,0,0
"NP_001690.2;AXL",0,0,1,0,0,0,0,0,0,0,0,0
"NP_060063.2;BIKE",0,1,0,0,0,0,0,0,0,0,0,0
"NP_001706.2;BLK",0,0,1,0,0,0,0,0,0,0,0,0
"NP_004320.2;BMPR1A",0,0,0,1,0,0,0,0,0,0,0,0
"NP_001194.1;BMPR1B",0,0,0,1,0,0,0,0,0,0,0,0
"NP_001195.2;BMPR2",0,0,0,1,0,0,0,0,0,0,0,0
"NP_001712.1;BMX",0,0,1,0,0,0,0,0,0,0,0,0
"NP_004324.2;BRAF",0,0,0,1,0,0,0,0,0,0,0,0
"NP_004324.2;BRAF(V600E)",1,0,0,1,0,0,0,0,0,0,0,0
"NP_005966.1;BRK",0,0,1,0,0,0,0,0,0,0,0,0
"NP_115806.1;BRSK1",0,0,0,0,0,0,1,0,0,0,0,0
"NP_003948.2;BRSK2",0,0,0,0,0,0,1,0,0,0,0,0
"NP_000052.1;BTK",0,0,1,0,0,0,0,0,0,0,0,0
"NP_003647.1;CAMK1",0,0,0,0,0,0,1,0,0,0,0,0
"NP_065130.1;CAMK1D",0,0,0,0,0,0,1,0,0,0,0,0
"NP_065172.1;CAMK1G",0,0,0,0,0,0,1,0,0,0,0,0
"NP_741960.1;CAMK2A",0,0,0,0,0,0,1,0,0,0,0,0
"NP_001211.3;CAMK2B",0,0,0,0,0,0,1,0,0,0,0,0
"AAD20442.1;CAMK2D",0,0,0,0,0,0,1,0,0,0,0,0
"NP_751913.1;CAMK2G",0,0,0,0,0,0,1,0,0,0,0,0
"NP_001735.1;CAMK4",0,0,0,0,0,0,1,0,0,0,0,0
"NP_115670.1;CAMKK1",0,1,0,0,0,0,0,0,0,0,0,0
"NP_006540.3;CAMKK2",0,1,0,0,0,0,0,0,0,0,0,0
"NP_003679.2;CASK",0,0,0,0,0,0,1,0,0,0,0,0
"NP_277023.1;CDC2L1",0,0,0,0,0,0,0,0,1,0,0,0
"NP_076916.1;CDC2L2",0,0,0,0,0,0,0,0,1,0,0,0
"NP_003709.3;CDC2L5",0,0,0,0,0,0,0,0,1,0,0,0
"NP_055891.1;CDK11",0,0,0,0,0,0,0,0,1,0,0,0
"NP_001789.2;CDK2",0,0,0,0,0,0,0,0,1,0,0,0
"NP_001249.1;CDK3",0,0,0,0,0,0,0,0,1,0,0,0
"NP_000066.1;CDK4-cyclinD1",0,0,0,0,0,0,0,0,1,0,0,0
"NP_000066.1;CDK4-cyclinD3",0,0,0,0,0,0,0,0,1,0,0,0
"NP_004926.1;CDK5",0,0,0,0,0,0,0,0,1,0,0,0
"NP_001790.1;CDK7",0,0,0,0,0,0,0,0,1,0,0,0
"NP_001251.1;CDK8",0,0,0,0,0,0,0,0,1,0,0,0
"NP_001252.1;CDK9",0,0,0,0,0,0,0,0,1,0,0,0
"NP_004187.2;CDKL1",0,0,0,0,0,0,0,0,1,0,0,0
"NP_003939.1;CDKL2",0,0,0,0,0,0,0,0,1,0,0,0
"NP_001107047.1;CDKL3",0,0,0,0,0,0,0,0,1,0,0,0
"NP_003150.1;CDKL5",0,0,0,0,0,0,0,0,1,0,0,0
"NP_001265.2;CHEK1",0,0,0,0,0,0,1,0,0,0,0,0
"NP_001005735.1;CHEK2",0,0,0,0,0,0,1,0,0,0,0,0
"NP_009105.1;CIT",0,0,0,0,0,1,0,0,0,0,0,0
"AAA61480.1;CLK1",0,0,0,0,0,0,0,0,1,0,0,0
"NP_003984.2;CLK2",0,0,0,0,0,0,0,0,1,0,0,0
"NP_003983.2;CLK3",0,0,0,0,0,0,0,0,1,0,0,0
"NP_065717.1;CLK4",0,0,0,0,0,0,0,0,1,0,0,0
"NP_005202.2;CSF1R",0,0,1,0,0,0,0,0,0,0,0,0
"NP_004374.1;CSK",0,0,1,0,0,0,0,0,0,0,0,0
"NP_001883.4;CSNK1A1",0,0,0,0,0,0,0,0,0,1,0,0
"NP_660204.1;CSNK1A1L",0,0,0,0,0,0,0,0,0,1,0,0
"NP_620693.1;CSNK1D",0,0,0,0,0,0,0,0,0,1,0,0
"NP_001885.1;CSNK1E",0,0,0,0,0,0,0,0,0,1,0,0
"NP_071331.2;CSNK1G1",0,0,0,0,0,0,0,0,0,1,0,0
"NP_001310.2;CSNK1G2",0,0,0,0,0,0,0,0,0,1,0,0
"NP_004375.2;CSNK1G3",0,0,0,0,0,0,0,0,0,1,0,0
"NP_001886.1;CSNK2A1",0,1,0,0,0,0,0,0,0,0,0,0
"NP_001887.1;CSNK2A2",0,1,0,0,0,0,0,0,0,0,0,0
"NP_002369.2;CTK",0,0,1,0,0,0,0,0,0,0,0,0
"NP_004929.2;DAPK1",0,0,0,0,0,0,1,0,0,0,0,0
"NP_055141.2;DAPK2",0,0,0,0,0,0,1,0,0,0,0,0
"NP_001339.1;DAPK3",0,0,0,0,0,0,1,0,0,0,0,0
"NP_004725.1;DCAMKL1",0,0,0,0,0,0,1,0,0,0,0,0
"NP_001035351.3;DCAMKL2",0,0,0,0,0,0,1,0,0,0,0,0
"NP_208382.1;DCAMKL3",0,0,0,0,0,0,1,0,0,0,0,0
"NP_001945.3;DDR1",0,0,1,0,0,0,0,0,0,0,0,0
"CAA52777.1;DDR2",0,0,1,0,0,0,0,0,0,0,0,0
"NP_006292.2;DLK",0,0,0,1,0,0,0,0,0,0,0,0
"NP_004400.4;DMPK",0,0,0,0,0,1,0,0,0,0,0,0
"NP_059995.2;DMPK2",0,0,0,0,0,1,0,0,0,0,0,0
"NP_004751.1;DRAK1",0,0,0,0,0,0,1,0,0,0,0,0
"NP_004217.1;DRAK2",0,0,0,0,0,0,1,0,0,0,0,0
"NP_569121.1;DYRK1A",0,0,0,0,0,0,0,0,1,0,0,0
"NP_004705.1;DYRK1B",0,0,0,0,0,0,0,0,1,0,0,0
"NP_003574.1;DYRK2",0,0,0,0,0,0,0,0,1,0,0,0
"NP_005219.2;EGFR",0,0,1,0,0,0,0,0,0,0,0,0
"NP_005219.2;EGFR(E746-A750del)",1,0,1,0,0,0,0,0,0,0,0,0
"NP_005219.2;EGFR(G719C)",1,0,1,0,0,0,0,0,0,0,0,0
"NP_005219.2;EGFR(G719S)",1,0,1,0,0,0,0,0,0,0,0,0
"NP_005219.2;EGFR(L747-E749del, A750P)",1,0,1,0,0,0,0,0,0,0,0,0
"NP_005219.2;EGFR(L747-S752del, P753S)",1,0,1,0,0,0,0,0,0,0,0,0
"NP_005219.2;EGFR(L747-T751del,Sins)",1,0,1,0,0,0,0,0,0,0,0,0
"NP_005219.2;EGFR(L858R)",1,0,1,0,0,0,0,0,0,0,0,0
"NP_005219.2;EGFR(L858R,T790M)",1,0,1,0,0,0,0,0,0,0,0,0
"NP_005219.2;EGFR(L861Q)",1,0,1,0,0,0,0,0,0,0,0,0
"NP_005219.2;EGFR(S752-I759del)",1,0,1,0,0,0,0,0,0,0,0,0
"NP_005219.2;EGFR(T790M)",1,0,1,0,0,0,0,0,0,0,0,0
"NP_055228.2;EIF2AK1",0,1,0,0,0,0,0,0,0,0,0,0
"NP_005223.3;EPHA1",0,0,1,0,0,0,0,0,0,0,0,0
"NP_004422.2;EPHA2",0,0,1,0,0,0,0,0,0,0,0,0
"NP_005224.2;EPHA3",0,0,1,0,0,0,0,0,0,0,0,0
"NP_004429.1;EPHA4",0,0,1,0,0,0,0,0,0,0,0,0
"NP_872272.2;EPHA5",0,0,1,0,0,0,0,0,0,0,0,0
"NP_001073917.2;EPHA6",0,0,1,0,0,0,0,0,0,0,0,0
"NP_004431.1;EPHA7",0,0,1,0,0,0,0,0,0,0,0,0
"NP_065387.1;EPHA8",0,0,1,0,0,0,0,0,0,0,0,0
"NP_004432.1;EPHB1",0,0,1,0,0,0,0,0,0,0,0,0
"NP_059145.2;EPHB2",0,0,1,0,0,0,0,0,0,0,0,0
"NP_004434.2;EPHB3",0,0,1,0,0,0,0,0,0,0,0,0
"NP_004435.3;EPHB4",0,0,1,0,0,0,0,0,0,0,0,0
"NP_004436.2;EPHB6",0,0,1,0,0,0,0,0,0,0,0,0
"NP_001005862.1;ERBB2",0,0,1,0,0,0,0,0,0,0,0,0
"NP_001973.2;ERBB3",0,0,1,0,0,0,0,0,0,0,0,0
"NP_001036064.1;ERBB4",0,0,1,0,0,0,0,0,0,0,0,0
"NP_002737.2;ERK1",0,0,0,0,0,0,0,0,1,0,0,0
"NP_620407.1;ERK2",0,0,0,0,0,0,0,0,1,0,0,0
"NP_002739.1;ERK3",0,0,0,0,0,0,0,0,1,0,0,0
"NP_002738.2;ERK4",0,0,0,0,0,0,0,0,1,0,0,0
"NP_002740.2;ERK5",0,0,0,0,0,0,0,0,1,0,0,0
"NP_620590.2;ERK8",0,0,0,0,0,0,0,0,1,0,0,0
"NP_001424.3;ERN1",0,1,0,0,0,0,0,0,0,0,0,0
"NP_722560.1;FAK",0,0,1,0,0,0,0,0,0,0,0,0
"NP_005237.2;FER",0,0,1,0,0,0,0,0,0,0,0,0
"NP_001996.1;FES",0,0,1,0,0,0,0,0,0,0,0,0
"NP_075593.1;FGFR1",0,0,1,0,0,0,0,0,0,0,0,0
"NP_075259.4;FGFR2",0,0,1,0,0,0,0,0,0,0,0,0
"NP_000133.1;FGFR3",0,0,1,0,0,0,0,0,0,0,0,0
"NP_000133.1;FGFR3(G697C)",1,0,1,0,0,0,0,0,0,0,0,0
"NP_075252.2;FGFR4",0,0,1,0,0,0,0,0,0,0,0,0
"NP_005239.1;FGR",0,0,1,0,0,0,0,0,0,0,0,0
"NP_002010.2;FLT1",0,0,1,0,0,0,0,0,0,0,0,0
"NP_004110.2;FLT3",0,0,1,0,0,0,0,0,0,0,0,0
"NP_004110.2;FLT3(D835H)",1,0,1,0,0,0,0,0,0,0,0,0
"NP_004110.2;FLT3(D835Y)",1,0,1,0,0,0,0,0,0,0,0,0
"NP_004110.2;FLT3(ITD)",1,0,1,0,0,0,0,0,0,0,0,0
"NP_004110.2;FLT3(K663Q)",1,0,1,0,0,0,0,0,0,0,0,0
"NP_004110.2;FLT3(N841I)",1,0,1,0,0,0,0,0,0,0,0,0
"NP_004110.2;FLT3(R834Q)",1,0,1,0,0,0,0,0,0,0,0,0
"NP_002011.1;FLT4",0,0,1,0,0,0,0,0,0,0,0,0
"NP_002022.1;FRK",0,0,1,0,0,0,0,0,0,0,0,0
"NP_694592.1;FYN",0,0,1,0,0,0,0,0,0,0,0,0
"NP_005246.2;GAK",0,1,0,0,0,0,0,0,0,0,0,0
"NP_001013725.2;GCN2(Kin.Dom.2,S808G)",0,1,0,0,0,0,0,0,0,0,0,0
"NP_002920.1;GRK1",0,0,0,0,0,1,0,0,0,0,0,0
"NP_892027.2;GRK4",0,0,0,0,0,1,0,0,0,0,0,0
"NP_631948.1;GRK7",0,0,0,0,0,1,0,0,0,0,0,0
"NP_063937.2;GSK3A",0,0,0,0,0,0,0,0,1,0,0,0
"NP_002084.2;GSK3B",0,0,0,0,0,0,0,0,1,0,0,0
"NP_002101.2;HCK",0,0,1,0,0,0,0,0,0,0,0,0
"NP_689909.2;HIPK1",0,0,0,0,0,0,0,0,1,0,0,0
"NP_073577.3;HIPK2",0,0,0,0,0,0,0,0,1,0,0,0
"NP_005725.3;HIPK3",0,0,0,0,0,0,0,0,1,0,0,0
"NP_653286.2;HIPK4",0,0,0,0,0,0,0,0,1,0,0,0
"NP_001036065.1;HPK1",0,0,0,0,0,0,0,1,0,0,0,0
"NP_055401.1;HUNK",0,0,0,0,0,0,1,0,0,0,0,0
"NP_055735.1;ICK",0,0,0,0,0,0,0,0,1,0,0,0
"NP_000866.1;IGF1R",0,0,1,0,0,0,0,0,0,0,0,0
"NP_001269.3;IKK-alpha",0,1,0,0,0,0,0,0,0,0,0,0
"NP_001547.1;IKK-beta",0,1,0,0,0,0,0,0,0,0,0,0
"NP_054721.1;IKK-epsilon",0,1,0,0,0,0,0,0,0,0,0,0
"NP_000199.2;INSR",0,0,1,0,0,0,0,0,0,0,0,0
"NP_055030.1;INSRR",0,0,1,0,0,0,0,0,0,0,0,0
"NP_001560.2;IRAK1",0,0,0,1,0,0,0,0,0,0,0,0
"NP_009130.1;IRAK3",0,0,0,1,0,0,0,0,0,0,0,0
"NP_057207.2;IRAK4",0,0,0,1,0,0,0,0,0,0,0,0
"NP_005537.3;ITK",0,0,1,0,0,0,0,0,0,0,0,0
"NP_002218.2;JAK1(JH1domain-catalytic)",0,0,1,0,0,0,0,0,0,0,0,0
"NP_002218.1;JAK1(JH2domain-pseudokinase)",0,0,1,0,0,0,0,0,0,0,0,0
"NP_004963.1;JAK2(JH1domain-catalytic)",0,0,1,0,0,0,0,0,0,0,0,0
"NP_000206.2;JAK3(JH1domain-catalytic)",0,0,1,0,0,0,0,0,0,0,0,0
"NP_002741.1;JNK1",0,0,0,0,0,0,0,0,1,0,0,0
"NP_620707.1;JNK2",0,0,0,0,0,0,0,0,1,0,0,0
"NP_002744.1;JNK3",0,0,0,0,0,0,0,0,1,0,0,0
"NP_000213.1;KIT",0,0,1,0,0,0,0,0,0,0,0,0
"NP_000213.1;KIT(A829P)",1,0,1,0,0,0,0,0,0,0,0,0
"NP_000213.1;KIT(D816H)",1,0,1,0,0,0,0,0,0,0,0,0
"NP_000213.1;KIT(D816V)",1,0,1,0,0,0,0,0,0,0,0,0
"NP_000213.1;KIT(L576P)",1,0,1,0,0,0,0,0,0,0,0,0
"NP_000213.1;KIT(V559D)",1,0,1,0,0,0,0,0,0,0,0,0
"NP_000213.1;KIT(V559D,T670I)",1,0,1,0,0,0,0,0,0,0,0,0
"NP_000213.1;KIT(V559D,V654A)",1,0,1,0,0,0,0,0,0,0,0,0
"NP_004681.1;LATS1",0,0,0,0,0,1,0,0,0,0,0,0
"NP_055387.1;LATS2",0,0,0,0,0,1,0,0,0,0,0,0
"NP_005347.3;LCK",0,0,1,0,0,0,0,0,0,0,0,0
"NP_002305.1;LIMK1",0,0,0,1,0,0,0,0,0,0,0,0
"NP_005560.1;LIMK2",0,0,0,1,0,0,0,0,0,0,0,0
"NP_000446.1;LKB1",0,0,0,0,0,0,1,0,0,0,0,0
"NP_005981.3;LOK",0,0,0,0,0,0,0,1,0,0,0,0
"NP_940980.3;LRRK2",0,0,0,1,0,0,0,0,0,0,0,0
"NP_940980.3;LRRK2(G2019S)",1,0,0,1,0,0,0,0,0,0,0,0
"NP_996844.1;LTK",0,0,1,0,0,0,0,0,0,0,0,0
"NP_002341.1;LYN",0,0,1,0,0,0,0,0,0,0,0,0
"NP_004712.1;LZK",0,0,0,1,0,0,0,0,0,0,0,0
"NP_005897.1;MAK",0,0,0,0,0,0,0,0,1,0,0,0
"NP_005912.1;MAP3K1",0,0,0,0,0,0,0,1,0,0,0,0
"NP_001001671.2;MAP3K15",0,0,0,0,0,0,0,1,0,0,0,0
"NP_006600.3;MAP3K2",0,0,0,0,0,0,0,1,0,0,0,0
"NP_002392.2;MAP3K3",0,0,0,0,0,0,0,1,0,0,0,0
"NP_005913.2;MAP3K4",0,0,0,0,0,0,0,1,0,0,0,0
"NP_004570.2;MAP4K2",0,0,0,0,0,0,0,1,0,0,0,0
"NP_003609.2;MAP4K3",0,0,0,0,0,0,0,1,0,0,0,0
"NP_663719.1;MAP4K4",0,0,0,0,0,0,0,1,0,0,0,0
"NP_006566.2;MAP4K5",0,0,0,0,0,0,0,1,0,0,0,0
"NP_116584.2;MAPKAPK2",0,0,0,0,0,0,1,0,0,0,0,0
"NP_003659.2;MAPKAPK5",0,0,0,0,0,0,1,0,0,0,0,0
"NP_061120.3;MARK1",0,0,0,0,0,0,1,0,0,0,0,0
"NP_059672.2;MARK2",0,0,0,0,0,0,1,0,0,0,0,0
"NP_002367.4;MARK3",0,0,0,0,0,0,1,0,0,0,0,0
"NP_113605.2;MARK4",0,0,0,0,0,0,1,0,0,0,0,0
"NP_055790.1;MAST1",0,0,0,0,0,1,0,0,0,0,0,0
"NP_002746.1;MEK1",0,0,0,0,0,0,0,1,0,0,0,0
"NP_109587.1;MEK2",0,0,0,0,0,0,0,1,0,0,0,0
"NP_002747.2;MEK3",0,0,0,0,0,0,0,1,0,0,0,0
"NP_003001.1;MEK4",0,0,0,0,0,0,0,1,0,0,0,0
"NP_660143.1;MEK5",0,0,0,0,0,0,0,1,0,0,0,0
"NP_002749.2;MEK6",0,0,0,0,0,0,0,1,0,0,0,0
"NP_055606.1;MELK",0,0,0,0,0,0,1,0,0,0,0,0
"AAB60430.1;MERTK",0,0,1,0,0,0,0,0,0,0,0,0
"NP_000236.2;MET",0,0,1,0,0,0,0,0,0,0,0,0
"NP_000236.2;MET(M1250T)",1,0,1,0,0,0,0,0,0,0,0,0
"NP_000236.2;MET(Y1235D)",1,0,1,0,0,0,0,0,0,0,0,0
"NP_001020108.1;MINK",0,0,0,0,0,0,0,1,0,0,0,0
"NP_660186.1;MKK7",0,0,0,0,0,0,0,1,0,0,0,0
"NP_001129025.1;MKNK1",0,0,0,0,0,0,1,0,0,0,0,0
"NP_060042.2;MKNK2",0,0,0,0,0,0,1,0,0,0,0,0
"NP_872299.2;MLCK",0,0,0,0,0,0,1,0,0,0,0,0
"NP_149132.2;MLK1",0,0,0,1,0,0,0,0,0,0,0,0
"NP_002437.2;MLK2",0,0,0,1,0,0,0,0,0,0,0,0
"NP_002410.1;MLK3",0,0,0,1,0,0,0,0,0,0,0,0
"NP_003598.2;MRCKA",0,0,0,0,0,1,0,0,0,0,0,0
"NP_006026.3;MRCKB",0,0,0,0,0,1,0,0,0,0,0,0
"NP_006273.1;MST1",0,0,0,0,0,0,0,1,0,0,0,0
"NP_002438.2;MST1R",0,0,1,0,0,0,0,0,0,0,0,0
"NP_006272.1;MST2",0,0,0,0,0,0,0,1,0,0,0,0
"NP_003567.2;MST3",0,0,0,0,0,0,0,1,0,0,0,0
"NP_057626.2;MST4",0,0,0,0,0,0,0,1,0,0,0,0
"NP_004949.1;MTOR",0,0,0,0,1,0,0,0,0,0,0,0
"NP_005583.1;MUSK",0,0,1,0,0,0,0,0,0,0,0,0
"NP_444254.3;MYLK",0,0,0,0,0,0,1,0,0,0,0,0
"NP_149109.1;MYLK2",0,0,0,0,0,0,1,0,0,0,0,0
"NP_001012418.1;MYLK4",0,0,0,0,0,0,1,0,0,0,0,0
"NP_059129.3;MYO3A",0,0,0,0,0,0,0,1,0,0,0,0
"NP_001077084.1;MYO3B",0,0,0,0,0,0,0,1,0,0,0,0
"NP_009202.1;NDR1",0,0,0,0,0,1,0,0,0,0,0,0
"NP_055815.1;NDR2",0,0,0,0,0,1,0,0,0,0,0,0
"NP_036356.1;NEK1",0,1,0,0,0,0,0,0,0,0,0,0
"NP_665917.1;NEK11",0,1,0,0,0,0,0,0,0,0,0,0
"NP_002488.1;NEK2",0,1,0,0,0,0,0,0,0,0,0,0
"NP_002489.1;NEK3",0,1,0,0,0,0,0,0,0,0,0,0
"NP_003148.2;NEK4",0,1,0,0,0,0,0,0,0,0,0,0
"NP_954983.1;NEK5",0,1,0,0,0,0,0,0,0,0,0,0
"NP_055212.2;NEK6",0,1,0,0,0,0,0,0,0,0,0,0
"NP_598001.1;NEK7",0,1,0,0,0,0,0,0,0,0,0,0
"NP_149107.3;NEK9",0,1,0,0,0,0,0,0,0,0,0,0
"NP_699192.1;NIM1",0,0,0,0,0,0,1,0,0,0,0,0
"NP_057315.3;NLK",0,0,0,0,0,0,0,0,1,0,0,0
"NP_005100.1;OSR1",0,0,0,0,0,0,0,1,0,0,0,0
"NP_620581.1;p38-alpha",0,0,0,0,0,0,0,0,1,0,0,0
"NP_002742.3;p38-beta",0,0,0,0,0,0,0,0,1,0,0,0
"NP_002745.1;p38-delta",0,0,0,0,0,0,0,0,1,0,0,0
"AAB40118.1;p38-gamma",0,0,0,0,0,0,0,0,1,0,0,0
"NP_002567.3;PAK1",0,0,0,0,0,0,0,1,0,0,0,0
"NP_002568.2;PAK2",0,0,0,0,0,0,0,1,0,0,0,0
"NP_002569.1;PAK3",0,0,0,0,0,0,0,1,0,0,0,0
"NP_001014834.1;PAK4",0,0,0,0,0,0,0,1,0,0,0,0
"NP_064553.1;PAK6",0,0,0,0,0,0,0,1,0,0,0,0
"NP_065074.1;PAK7",0,0,0,0,0,0,0,1,0,0,0,0
"NP_006192.1;PCTK1",0,0,0,0,0,0,0,0,1,0,0,0
"CAA47004.1;PCTK2",0,0,0,0,0,0,0,0,1,0,0,0
"NP_002587.2;PCTK3",0,0,0,0,0,0,0,0,1,0,0,0
"NP_006197.1;PDGFRA",0,0,1,0,0,0,0,0,0,0,0,0
"NP_002600.1;PDGFRB",0,0,1,0,0,0,0,0,0,0,0,0
"NP_002604.1;PDPK1",0,0,0,0,0,1,0,0,0,0,0,0
"XP_001349680.1;PFCDPK1(P.falciparum)",0,0,0,0,0,0,0,0,0,0,1,0
"XP_001350280.1;PFPK5(P.falciparum)",0,0,0,0,0,0,0,0,0,0,1,0
"NP_631897.1;PFTAIRE2",0,0,0,0,0,0,0,0,1,0,0,0
"NP_036527.1;PFTK1",0,0,0,0,0,0,0,0,1,0,0,0
"NP_006204.1;PHKG1",0,0,0,0,0,0,1,0,0,0,0,0
"NP_000285.1;PHKG2",0,0,0,0,0,0,1,0,0,0,0,0
"NP_002637.2;PIK3C2B",0,0,0,0,0,0,0,0,0,0,0,1
"NP_004561.2;PIK3C2G",0,0,0,0,0,0,0,0,0,0,0,1
"NP_006209.2;PIK3CA",0,0,0,0,0,0,0,0,0,0,0,1
"NP_006209.2;PIK3CA(C420R)",1,0,0,0,0,0,0,0,0,0,0,1
"NP_006209.2;PIK3CA(E542K)",1,0,0,0,0,0,0,0,0,0,0,1
"NP_006209.2;PIK3CA(E545A)",1,0,0,0,0,0,0,0,0,0,0,1
"NP_006209.2;PIK3CA(E545K)",1,0,0,0,0,0,0,0,0,0,0,1
"NP_006209.2;PIK3CA(H1047L)",1,0,0,0,0,0,0,0,0,0,0,1
"NP_006209.2;PIK3CA(H1047Y)",1,0,0,0,0,0,0,0,0,0,0,1
"NP_006209.2;PIK3CA(I800L)",1,0,0,0,0,0,0,0,0,0,0,1
"NP_006209.2;PIK3CA(M1043I)",1,0,0,0,0,0,0,0,0,0,0,1
"NP_006209.2;PIK3CA(Q546K)",1,0,0,0,0,0,0,0,0,0,0,1
"NP_006210.1;PIK3CB",0,0,0,0,0,0,0,0,0,0,0,1
"NP_005017.2;PIK3CD",0,0,0,0,0,0,0,0,0,0,0,1
"NP_002640.2;PIK3CG",0,0,0,0,0,0,0,0,0,0,0,1
"NP_002642.1;PIK4CB",0,0,0,0,0,0,0,0,0,0,0,1
"NP_002639.1;PIM1",0,0,0,0,0,0,1,0,0,0,0,0
"NP_006866.2;PIM2",0,0,0,0,0,0,1,0,0,0,0,0
"NP_001001852.1;PIM3",0,0,0,0,0,0,1,0,0,0,0,0
"NP_001129110.1;PIP5K1A",0,0,0,0,0,0,0,0,0,0,0,1
"NP_036530.1;PIP5K1C",0,0,0,0,0,0,0,0,0,0,0,1
"NP_003550.1;PIP5K2B",0,0,0,0,0,0,0,0,0,0,0,1
"NP_079055.2;PIP5K2C",0,0,0,0,0,0,0,0,0,0,0,1
"NP_002721.1;PKAC-alpha",0,0,0,0,0,1,0,0,0,0,0,0
"NP_002722.1;PKAC-beta",0,0,0,0,0,1,0,0,0,0,0,0
"NP_872629.1;PKMYT1",0,1,0,0,0,0,0,0,0,0,0,0
"NP_998725.1;PKN1",0,0,0,0,0,1,0,0,0,0,0,0
"NP_006247.1;PKN2",0,0,0,0,0,1,0,0,0,0,0,0
"NP_214528.1;PKNB(M.tuberculosis)",0,0,0,0,0,0,0,0,0,0,1,0
"NP_005021.2;PLK1",0,1,0,0,0,0,0,0,0,0,0,0
"NP_006613.2;PLK2",0,1,0,0,0,0,0,0,0,0,0,0
"NP_004064.2;PLK3",0,1,0,0,0,0,0,0,0,0,0,0
"NP_055079.2;PLK4",0,1,0,0,0,0,0,0,0,0,0,0
"NP_006245.2;PRKCD",0,0,0,0,0,1,0,0,0,0,0,0
"NP_005391.1;PRKCE",0,0,0,0,0,1,0,0,0,0,0,0
"NP_006246.2;PRKCH",0,0,0,0,0,1,0,0,0,0,0,0
"NP_002731.3;PRKCI",0,0,0,0,0,1,0,0,0,0,0,0
"NP_006248.1;PRKCQ",0,0,0,0,0,1,0,0,0,0,0,0
"NP_002733.2;PRKD1",0,0,0,0,0,0,1,0,0,0,0,0
"NP_057541.2;PRKD2",0,0,0,0,0,0,1,0,0,0,0,0
"NP_005804.1;PRKD3",0,0,0,0,0,0,1,0,0,0,0,0
"NP_006249.1;PRKG1",0,0,0,0,0,1,0,0,0,0,0,0
"NP_006250.1;PRKG2",0,0,0,0,0,1,0,0,0,0,0,0
"NP_002750.1;PRKR",0,1,0,0,0,0,0,0,0,0,0,0
"NP_005035.1;PRKX",0,0,0,0,0,1,0,0,0,0,0,0
"NP_003904.3;PRP4",0,0,0,0,0,0,0,0,1,0,0,0
"NP_775267.1;PYK2",0,0,1,0,0,0,0,0,0,0,0,0
"BAA76843.2;QSK",0,0,0,0,0,0,1,0,0,0,0,0
"NP_002871.1;RAF1",0,0,0,1,0,0,0,0,0,0,0,0
"NP_065681.1;RET",0,0,1,0,0,0,0,0,0,0,0,0
"NP_065681.1;RET(M918T)",1,0,1,0,0,0,0,0,0,0,0,0
"NP_065681.1;RET(V804L)",1,0,1,0,0,0,0,0,0,0,0,0
"NP_065681.1;RET(V804M)",1,0,1,0,0,0,0,0,0,0,0,0
"NP_113668.2;RIOK1",0,0,0,0,1,0,0,0,0,0,0,0
"NP_060813.1;RIOK2",0,0,0,0,1,0,0,0,0,0,0,0
"NP_003822.2;RIOK3",0,0,0,0,1,0,0,0,0,0,0,0
"NP_003795.2;RIPK1",0,0,0,1,0,0,0,0,0,0,0,0
"NP_003812.1;RIPK2",0,0,0,1,0,0,0,0,0,0,0,0
"NP_065690.2;RIPK4",0,0,0,1,0,0,0,0,0,0,0,0
"Q6XUX3.1;RIPK5",0,1,0,0,0,0,0,0,0,0,0,0
"NP_005397.1;ROCK1",0,0,0,0,0,1,0,0,0,0,0,0
"NP_004841.2;ROCK2",0,0,0,0,0,1,0,0,0,0,0,0
"NP_002935.2;ROS1",0,0,1,0,0,0,0,0,0,0,0,0
"NP_001006945.1;RPS6KA4(Kin.Dom.1-N-terminal)",0,0,0,0,0,1,0,0,0,0,0,0
"NP_003933.1;RPS6KA4(Kin.Dom.2-C-terminal)",0,0,0,0,0,0,1,0,0,0,0,0
"NP_872198.1;RPS6KA5(Kin.Dom.1-N-terminal)",0,0,0,0,0,1,0,0,0,0,0,0
"NP_004746.2;RPS6KA5(Kin.Dom.2-C-terminal)",0,0,0,0,0,0,1,0,0,0,0,0
"NP_002944.2;RSK1(Kin.Dom.1-N-terminal)",0,0,0,0,0,1,0,0,0,0,0,0
"NP_002944.2;RSK1(Kin.Dom.2-C-terminal)",0,0,0,0,0,0,1,0,0,0,0,0
"NP_004577.1;RSK2(Kin.Dom.1-N-terminal)",0,0,0,0,0,1,0,0,0,0,0,0
"NP_066958.2;RSK3(Kin.Dom.1-N-terminal)",0,0,0,0,0,1,0,0,0,0,0,0
"NP_001006933.1;RSK3(Kin.Dom.2-C-terminal)",0,0,0,0,0,0,1,0,0,0,0,0
"NP_055311.1;RSK4(Kin.Dom.1-N-terminal)",0,0,0,0,0,1,0,0,0,0,0,0
"NP_055311.1;RSK4(Kin.Dom.2-C-terminal)",0,0,0,0,0,0,1,0,0,0,0,0
"NP_003152.1;S6K1",0,0,0,0,0,1,0,0,0,0,0,0
"NP_001019572.1;SBK1",0,1,0,0,0,0,0,0,0,0,0,0
"P0C264;SgK110",0,1,0,0,0,0,0,0,0,0,0,0
"NP_037389.4;SGK3",0,0,0,0,0,1,0,0,0,0,0,0
"NP_775490.2;SIK",0,0,0,0,0,0,1,0,0,0,0,0
"NP_056006.1;SIK2",0,0,0,0,0,0,1,0,0,0,0,0
"NP_055535.2;SLK",0,0,0,0,0,0,0,1,0,0,0,0
"NP_112214.1;SNARK",0,0,0,0,0,0,1,0,0,0,0,0
"NP_060189.3;SNRK",0,0,0,0,0,0,1,0,0,0,0,0
"NP_005408.1;SRC",0,0,1,0,0,0,0,0,0,0,0,0
"NP_543013.1;SRMS",0,0,1,0,0,0,0,0,0,0,0,0
"NP_003128.3;SRPK1",0,0,0,0,0,0,0,0,1,0,0,0
"AAC05299.1;SRPK2",0,0,0,0,0,0,0,0,1,0,0,0
"NP_055185.2;SRPK3",0,0,0,0,0,0,0,0,1,0,0,0
"CAA06700.1;STK16",0,1,0,0,0,0,0,0,0,0,0,0
"NP_112168.1;STK33",0,0,0,0,0,0,1,0,0,0,0,0
"NP_543026.1;STK35",0,1,0,0,0,0,0,0,0,0,0,0
"NP_056505.1;STK36",0,1,0,0,0,0,0,0,0,0,0,0
"NP_037365.2;STK39",0,0,0,0,0,0,0,1,0,0,0,0
"NP_003168.2;SYK",0,0,1,0,0,0,0,0,0,0,0,0
"NP_663304.1;TAK1",0,0,0,1,0,0,0,0,0,0,0,0
"NP_065842.1;TAOK1",0,0,0,0,0,0,0,1,0,0,0,0
"NP_057235.2;TAOK2",0,0,0,0,0,0,0,1,0,0,0,0
"NP_057365.2;TAOK3",0,0,0,0,0,0,0,1,0,0,0,0
"NP_037386.1;TBK1",0,1,0,0,0,0,0,0,0,0,0,0
"NP_003206.1;TEC",0,0,1,0,0,0,0,0,0,0,0,0
"NP_006276.2;TESK1",0,0,0,1,0,0,0,0,0,0,0,0
"NP_004603.1;TGFBR1",0,0,0,1,0,0,0,0,0,0,0,0
"NP_003233.4;TGFBR2",0,0,0,1,0,0,0,0,0,0,0,0
"NP_005415.1;TIE1",0,0,1,0,0,0,0,0,0,0,0,0
"NP_000450.2;TIE2",0,0,1,0,0,0,0,0,0,0,0,0
"NP_036422.3;TLK1",0,1,0,0,0,0,0,0,0,0,0,0
"AAF03095.1;TLK2",0,1,0,0,0,0,0,0,0,0,0,0
"NP_055843.1;TNIK",0,0,0,0,0,0,0,1,0,0,0,0
"NP_003976.2;TNK1",0,0,1,0,0,0,0,0,0,0,0,0
"NP_001010938.1;TNK2",0,0,1,0,0,0,0,0,0,0,0,0
"NP_057062.1;TNNI3K",0,0,0,1,0,0,0,0,0,0,0,0
"NP_001012331.1;TRKA",0,0,1,0,0,0,0,0,0,0,0,0
"NP_006171.2;TRKB",0,0,1,0,0,0,0,0,0,0,0,0
"AAA75374.1;TRKC",0,0,1,0,0,0,0,0,0,0,0,0
"NP_060132.3;TRPM6",0,0,0,0,1,0,0,0,0,0,0,0
"NP_114417.1;TSSK1B",0,0,0,0,0,0,1,0,0,0,0,0
"NP_003309.2;TTK",0,1,0,0,0,0,0,0,0,0,0,0
"NP_003319.2;TXK",0,0,1,0,0,0,0,0,0,0,0,0
"NP_003322.2;TYK2(JH1domain-catalytic)",0,0,1,0,0,0,0,0,0,0,0,0
"NP_003322.3;TYK2(JH2domain-pseudokinase)",0,0,1,0,0,0,0,0,0,0,0,0
"NP_006284.2;TYRO3",0,0,1,0,0,0,0,0,0,0,0,0
"NP_003556.1;ULK1",0,1,0,0,0,0,0,0,0,0,0,0
"NP_055498.2;ULK2",0,1,0,0,0,0,0,0,0,0,0,0
"NP_001092906.1;ULK3",0,1,0,0,0,0,0,0,0,0,0,0
"NP_002244.1;VEGFR2",0,0,1,0,0,0,0,0,0,0,0,0
"NP_006287.2;VRK2",0,0,0,0,0,0,0,0,0,1,0,0
"NP_003381.1;WEE1",0,1,0,0,0,0,0,0,0,0,0,0
"P0C1S8;WEE2",0,1,0,0,0,0,0,0,0,0,0,0
"NP_001106195.1;YANK1",0,0,0,0,0,1,0,0,0,0,0,0
"NP_060871.1;YANK2",0,0,0,0,0,1,0,0,0,0,0,0
"NP_775846.2;YANK3",0,0,0,0,0,1,0,0,0,0,0,0
"NP_005424.1;YES",0,0,1,0,0,0,0,0,0,0,0,0
"NP_006365.2;YSK1",0,0,0,0,0,0,0,1,0,0,0,0
"NP_079328.3;YSK4",0,0,0,0,0,0,0,1,0,0,0,0
"NP_598407.1;ZAK",0,0,0,1,0,0,0,0,0,0,0,0
"NP_997402.1;ZAP70",0,0,1,0,0,0,0,0,0,0,0,0
